employeeId,employee name,password
4000,Angela Sexton,123456
4001,Hilda Neal,123456
4002,Megan Dixon,123456
4003,Macey Finley,123456
4004,Jolene Park,123456
4005,Nina Santana,123456
4006,Adara Savage,123456
4007,Gay Campos,123456
4008,Fay Gallegos,123456
4009,Courtney Hicks,123456
4010,Rose Pennington,123456
4011,Shay Shaw,123456
4012,Bertha Tucker,123456
4013,Emily Rose,123456
4014,Ivory Bates,123456
4015,Nayda Gallagher,123456
4016,Carol Savage,123456
4017,Pearl Chase,123456
4018,Nell Guy,123456
4019,Hanae Roy,123456
4020,Shelley Talley,123456
4021,Hannah Lee,123456
4022,Keely Logan,123456
4023,Breanna Christensen,123456
4024,Lois Cotton,123456
4025,Kirby Maynard,123456
4026,Carla Espinoza,123456
4027,Candace Lucas,123456
4028,Jaden Callahan,123456
4029,Cameron Rivers,123456
4030,Holly Welch,123456
4031,TaShya Dean,123456
4032,Hedwig Santos,123456
4033,Moana Richmond,123456
4034,Teagan Strickland,123456
4035,Hyacinth Madden,123456
4036,Jada Moreno,123456
4037,Clare Compton,123456
4038,Lillith Zimmerman,123456
4039,Rinah Mckinney,123456
4040,Willow Hester,123456
4041,Haley Zamora,123456
4042,Courtney Olson,123456
4043,Ori Frye,123456
4044,Alea Maldonado,123456
4045,Libby Davis,123456
4046,Sierra Butler,123456
4047,Katelyn Cantrell,123456
4048,Rowan Hammond,123456
4049,Aphrodite Woodward,123456
4050,Veda Gross,123456
4051,Cora Hood,123456
4052,Alana Montoya,123456
4053,Kristen Bates,123456
4054,Germaine Patrick,123456
4055,Leila Howe,123456
4056,Indira Spears,123456
4057,Joy Farley,123456
4058,Amela Hardin,123456
4059,Miranda Bright,123456
4060,Ignacia Benson,123456
4061,Selma Holt,123456
4062,Sigourney Goff,123456
4063,Eve Hickman,123456
4064,Sheila Hawkins,123456
4065,Noelani Harrell,123456
4066,Kirsten Prince,123456
4067,Sydnee Lawrence,123456
4068,Kameko Conway,123456
4069,Nola Donaldson,123456
4070,Nicole Levy,123456
4071,Courtney Kinney,123456
4072,Kimberley Mayer,123456
4073,Rachel Bush,123456
4074,Mollie Burton,123456
4075,Lesley Valenzuela,123456
4076,Ivana Frye,123456
4077,Lavinia Becker,123456
4078,Reagan Ball,123456
4079,Signe Vinson,123456
4080,Lila Blackburn,123456
4081,Kirsten Hampton,123456
4082,Stacy Mosley,123456
4083,Summer Calderon,123456
4084,Lois Elliott,123456
4085,Pearl Silva,123456
4086,Gillian Wright,123456
4087,Liberty Larson,123456
4088,Gail Sosa,123456
4089,Jacqueline Harrell,123456
4090,Karly Roberson,123456
4091,Sheila Horne,123456
4092,Morgan Howell,123456
4093,Dakota Talley,123456
4094,Maxine Gill,123456
4095,Farrah Acevedo,123456
4096,Kelly Herman,123456
4097,Catherine Coffey,123456
4098,Buffy Dillard,123456
4099,Lysandra Kemp,123456
